<?xml version="1.0" encoding="UTF-8"?>
<project-private xmlns="http://www.netbeans.org/ns/project-private/1">
    <editor-bookmarks xmlns="http://www.netbeans.org/ns/editor-bookmarks/2" lastBookmarkId="0"/>
    <open-files xmlns="http://www.netbeans.org/ns/projectui-open-files/2">
        <group>
            <file>file:/C:/Users/plain/Documents/code/itdev140-201-spring2019/alex-muhich/follow-alongs/muhich_SchoolDudes/src/muhich_schooldudes/Person.java</file>
            <file>file:/C:/Users/plain/Documents/code/itdev140-201-spring2019/alex-muhich/follow-alongs/muhich_SchoolDudes/src/muhich_schooldudes/Faculty.java</file>
            <file>file:/C:/Users/plain/Documents/code/itdev140-201-spring2019/alex-muhich/follow-alongs/muhich_SchoolDudes/src/muhich_schooldudes/Student.java</file>
            <file>file:/C:/Users/plain/Documents/code/itdev140-201-spring2019/alex-muhich/follow-alongs/muhich_SchoolDudes/src/muhich_schooldudes/Muhich_SchoolDudes.java</file>
            <file>file:/C:/Users/plain/Documents/code/itdev140-201-spring2019/alex-muhich/follow-alongs/muhich_SchoolDudes/src/muhich_schooldudes/CollegeEmployee.java</file>
            <file>file:/C:/Users/plain/Documents/code/itdev140-201-spring2019/alex-muhich/follow-alongs/muhich_SchoolDudes/src/muhich_schooldudes/SchoolDudes.java</file>
        </group>
    </open-files>
</project-private>
