<?xml version="1.0" encoding="UTF-8"?>
<project-private xmlns="http://www.netbeans.org/ns/project-private/1">
    <editor-bookmarks xmlns="http://www.netbeans.org/ns/editor-bookmarks/2" lastBookmarkId="0"/>
    <open-files xmlns="http://www.netbeans.org/ns/projectui-open-files/2">
        <group>
            <file>file:/C:/Users/plain/Documents/code/itdev140-201-spring2019/alex-muhich/itdev140-assignments/muhich_MyBMI/src/muhich_mybmi/BMI.java</file>
            <file>file:/C:/Users/plain/Documents/code/itdev140-201-spring2019/alex-muhich/itdev140-assignments/muhich_MyBMI/src/muhich_mybmi/Muhich_MyBMI.java</file>
        </group>
    </open-files>
</project-private>
