<?xml version="1.0" encoding="UTF-8"?>
<project-private xmlns="http://www.netbeans.org/ns/project-private/1">
    <editor-bookmarks xmlns="http://www.netbeans.org/ns/editor-bookmarks/2" lastBookmarkId="0"/>
    <open-files xmlns="http://www.netbeans.org/ns/projectui-open-files/2">
        <group>
            <file>file:/C:/Users/plain/Documents/code/itdev140-201-spring2019/alex-muhich/follow-alongs/Muhich_GUILab/src/muhich_guilab/Login.java</file>
            <file>file:/C:/Users/plain/Documents/code/itdev140-201-spring2019/alex-muhich/follow-alongs/Muhich_GUILab/src/muhich_guilab/Muhich_GUILab.java</file>
            <file>file:/C:/Users/plain/Documents/code/itdev140-201-spring2019/alex-muhich/follow-alongs/Muhich_GUILab/src/muhich_guilab/CustomerForm.java</file>
        </group>
    </open-files>
</project-private>
