<?xml version="1.0" encoding="UTF-8"?>
<project-private xmlns="http://www.netbeans.org/ns/project-private/1">
    <editor-bookmarks xmlns="http://www.netbeans.org/ns/editor-bookmarks/2" lastBookmarkId="0"/>
    <open-files xmlns="http://www.netbeans.org/ns/projectui-open-files/2">
        <group>
            <file>file:/C:/Users/plain/Documents/code/itdev140-201-spring2019/alex-muhich/follow-alongs/Muhich_ZooKeeper/src/muhich_zookeeper/Animal.java</file>
            <file>file:/C:/Users/plain/Documents/code/itdev140-201-spring2019/alex-muhich/follow-alongs/Muhich_ZooKeeper/src/muhich_zookeeper/Reptile.java</file>
            <file>file:/C:/Users/plain/Documents/code/itdev140-201-spring2019/alex-muhich/follow-alongs/Muhich_ZooKeeper/src/muhich_zookeeper/Muhich_ZooKeeper.java</file>
            <file>file:/C:/Users/plain/Documents/code/itdev140-201-spring2019/alex-muhich/follow-alongs/Muhich_ZooKeeper/src/muhich_zookeeper/Controller.java</file>
            <file>file:/C:/Users/plain/Documents/code/itdev140-201-spring2019/alex-muhich/follow-alongs/Muhich_ZooKeeper/src/muhich_zookeeper/Bird.java</file>
            <file>file:/C:/Users/plain/Documents/code/itdev140-201-spring2019/alex-muhich/follow-alongs/Muhich_ZooKeeper/src/muhich_zookeeper/Mammal.java</file>
        </group>
    </open-files>
</project-private>
